teamName,pitStops,totalDuration,avgDuration
Alpine,41,956.397,23.326756097560978
Aston Martin,51,1177.328,23.08486274509804
Ferrari,56,1232.813,22.01451785714286
Haas F1 Team,44,1065.183,24.208704545454545
Kick Sauber,55,1243.466,22.608472727272726
McLaren,54,1225.301,22.69075925925926
Mercedes,54,1192.636,22.085851851851853
Racing Bulls,42,958.981,22.832880952380954
Red Bull Racing,43,1005.602,23.386093023255814
Williams,45,1091.794,24.26208888888889
